Age,Gender,Education Level,Years of Experience,Salary,seniority,job_function
32,1,0,5.0,90000.0,3,11
28,0,2,3.0,65000.0,3,2
45,1,3,15.0,150000.0,4,0
36,0,0,7.0,60000.0,3,10
52,1,2,20.0,200000.0,0,11
29,1,0,2.0,55000.0,3,5
42,0,2,12.0,120000.0,2,7
31,1,0,4.0,80000.0,2,10
26,0,0,1.0,45000.0,3,5
38,1,3,10.0,110000.0,4,9
29,1,2,3.0,75000.0,3,11
48,0,0,18.0,140000.0,2,4
35,1,0,6.0,65000.0,3,3
40,0,2,14.0,130000.0,2,8
27,1,0,2.0,40000.0,3,1
44,1,0,16.0,125000.0,2,6
33,0,2,7.0,90000.0,2,5
39,1,3,12.0,115000.0,4,0
25,0,0,0.0,35000.0,3,0
51,1,0,22.0,180000.0,0,11
34,0,2,5.0,80000.0,3,0
47,1,2,19.0,190000.0,0,6
30,1,0,2.0,50000.0,3,11
36,0,0,9.0,60000.0,3,4
41,1,2,13.0,140000.0,2,3
28,0,0,3.0,45000.0,3,5
37,0,2,11.0,110000.0,2,11
24,1,0,1.0,40000.0,1,11
43,0,3,15.0,140000.0,4,8
33,1,2,6.0,90000.0,3,7
50,1,0,25.0,250000.0,0,0
31,0,0,4.0,55000.0,3,3
29,1,2,3.0,75000.0,3,2
39,0,0,10.0,65000.0,3,5
46,1,3,20.0,170000.0,4,0
27,1,0,2.0,45000.0,3,0
35,0,0,7.0,60000.0,3,4
42,1,2,14.0,115000.0,3,8
26,0,0,1.0,40000.0,3,1
49,1,0,21.0,160000.0,3,10
34,0,2,5.0,80000.0,3,7
48,1,2,18.0,190000.0,0,11
30,1,0,3.0,60000.0,3,11
36,0,0,8.0,45000.0,3,0
41,1,2,13.0,130000.0,3,8
28,0,0,2.0,40000.0,3,5
32,1,0,5.0,75000.0,2,10
45,0,2,16.0,180000.0,0,11
38,1,3,11.0,120000.0,4,9
25,1,0,0.0,35000.0,3,1
51,0,0,22.0,130000.0,2,1
33,1,2,7.0,85000.0,3,2
40,0,0,12.0,60000.0,3,0
47,1,2,19.0,200000.0,0,3
29,0,0,3.0,50000.0,3,7
36,1,0,9.0,95000.0,2,10
27,0,2,2.0,65000.0,3,7
43,1,3,17.0,140000.0,4,0
30,0,0,4.0,55000.0,2,5
35,1,2,7.0,105000.0,2,7
51,0,2,23.0,170000.0,0,11
29,1,0,3.0,50000.0,3,5
40,0,0,12.0,80000.0,2,4
47,1,3,21.0,180000.0,4,2
26,1,0,1.0,35000.0,1,3
38,0,2,10.0,90000.0,2,5
46,1,0,19.0,120000.0,2,0
31,0,0,5.0,45000.0,3,1
34,1,2,8.0,90000.0,2,10
49,0,2,18.0,150000.0,4,3
33,1,0,6.0,65000.0,3,11
39,0,0,11.0,70000.0,3,4
45,1,3,16.0,190000.0,0,11
28,1,0,2.0,40000.0,3,11
42,0,2,14.0,120000.0,0,11
37,1,0,10.0,95000.0,2,8
50,0,0,22.0,160000.0,2,6
32,1,2,6.0,100000.0,4,11
48,0,2,20.0,180000.0,0,11
30,0,0,3.0,55000.0,2,5
36,1,0,8.0,70000.0,3,4
41,0,2,13.0,80000.0,3,2
25,1,0,0.0,30000.0,3,10
52,1,3,24.0,250000.0,0,0
29,0,0,2.0,40000.0,1,7
34,0,2,10.0,95000.0,3,3
27,1,0,2.0,45000.0,1,10
40,0,0,15.0,80000.0,3,4
46,1,2,21.0,135000.0,4,8
31,0,0,6.0,55000.0,3,5
36,1,3,11.0,120000.0,4,9
29,0,0,3.0,40000.0,3,10
43,1,0,18.0,105000.0,2,6
52,0,2,25.0,170000.0,4,5
33,1,0,7.0,75000.0,3,0
39,0,0,12.0,65000.0,3,0
47,1,3,22.0,160000.0,3,9
26,1,0,1.0,35000.0,1,11
38,0,2,10.0,90000.0,2,5
45,1,0,20.0,110000.0,3,6
31,0,0,5.0,45000.0,3,0
35,1,2,8.0,95000.0,2,5
49,0,2,19.0,150000.0,4,4
33,1,0,5.0,50000.0,1,11
39,0,2,13.0,80000.0,4,8
44,1,3,16.0,220000.0,0,2
30,0,0,3.0,50000.0,3,5
36,1,0,7.0,60000.0,3,11
41,0,2,14.0,100000.0,4,5
28,1,0,2.0,40000.0,2,1
42,0,2,15.0,110000.0,4,7
37,1,0,9.0,95000.0,2,11
50,0,0,22.0,130000.0,3,6
32,1,2,6.0,90000.0,4,0
23,0,0,0.5,35000.0,1,5
31,1,2,6.0,95000.0,4,3
40,0,0,15.0,65000.0,2,0
48,1,3,20.0,170000.0,4,0
29,0,0,3.0,45000.0,1,4
35,1,2,10.0,120000.0,4,7
42,0,0,17.0,100000.0,2,10
53,1,2,25.0,180000.0,0,11
33,0,0,5.0,50000.0,1,6
38,1,0,11.0,80000.0,2,1
44,0,3,16.0,140000.0,4,9
26,1,0,2.0,40000.0,1,3
37,0,2,9.0,95000.0,4,4
45,1,0,18.0,110000.0,2,10
32,0,0,4.0,50000.0,3,5
34,1,2,8.0,105000.0,4,11
50,0,2,21.0,160000.0,0,11
29,1,0,3.0,45000.0,1,7
40,0,2,12.0,100000.0,4,0
47,1,3,22.0,160000.0,4,9
27,1,0,1.0,35000.0,1,10
39,0,0,10.0,55000.0,3,0
46,1,2,19.0,140000.0,4,8
30,0,0,4.0,50000.0,1,5
36,1,0,7.0,60000.0,1,2
43,0,2,14.0,120000.0,4,5
28,1,0,2.0,40000.0,1,0
41,0,2,13.0,110000.0,4,5
33,1,0,5.0,50000.0,1,11
47,1,0,20.0,135000.0,4,10
25,0,2,1.5,40000.0,1,5
34,1,0,8.0,90000.0,4,0
42,0,3,16.0,150000.0,4,2
31,1,0,4.0,60000.0,1,8
38,0,0,10.0,80000.0,4,3
45,1,2,19.0,175000.0,0,11
29,0,0,3.0,45000.0,1,4
36,1,2,11.0,120000.0,4,10
43,0,3,18.0,140000.0,4,7
26,1,0,2.0,35000.0,1,1
37,0,2,9.0,95000.0,4,5
44,1,0,14.0,110000.0,4,11
32,0,0,5.0,50000.0,1,3
33,1,2,7.0,115000.0,4,6
51,0,3,23.0,185000.0,0,11
28,1,0,2.0,40000.0,1,11
39,0,0,12.0,90000.0,4,10
48,1,2,21.0,175000.0,0,11
30,0,0,3.0,45000.0,1,5
35,1,0,7.0,80000.0,4,5
41,0,2,13.0,120000.0,4,4
27,1,0,1.5,35000.0,1,10
40,0,0,14.0,110000.0,4,10
46,1,3,18.0,150000.0,4,9
31,0,0,4.0,50000.0,1,4
34,1,2,9.0,105000.0,4,11
50,0,2,20.0,180000.0,0,11
29,1,0,2.0,40000.0,1,5
33,1,0,8.094687360095508,115326.96477086132,3,11
43,1,0,16.0,140000.0,4,8
26,0,2,1.5,45000.0,1,2
35,1,0,7.0,85000.0,4,6
42,0,3,18.0,140000.0,4,5
31,1,0,4.0,50000.0,1,3
38,0,0,10.0,80000.0,4,4
46,1,2,20.0,170000.0,0,11
29,0,0,2.0,40000.0,1,10
37,1,2,9.0,105000.0,4,0
44,0,3,15.0,145000.0,4,7
27,1,0,2.0,40000.0,1,7
36,0,0,8.0,85000.0,4,5
43,1,0,14.0,130000.0,4,8
33,0,2,6.0,95000.0,4,3
34,1,0,9.0,100000.0,4,0
50,0,3,22.0,180000.0,0,11
28,1,0,1.5,35000.0,1,6
39,0,0,12.0,95000.0,4,10
47,1,2,19.0,170000.0,0,11
30,0,0,3.0,45000.0,1,5
34,1,0,7.0,95000.0,4,7
40,0,2,13.0,120000.0,4,4
41,0,0,11.0,90000.0,4,5
45,1,3,17.0,155000.0,4,2
32,0,0,5.0,55000.0,1,10
35,1,2,9.0,110000.0,4,11
49,0,2,21.0,180000.0,0,11
30,1,0,3.0,45000.0,1,5
44,1,0,16.0,130000.0,4,10
27,0,2,1.5,45000.0,1,7
36,1,0,7.0,90000.0,4,3
41,0,3,17.0,160000.0,0,11
31,1,0,4.0,50000.0,1,4
39,0,0,10.0,120000.0,4,6
47,1,2,20.0,170000.0,0,11
30,0,0,2.0,40000.0,1,5
38,1,2,9.0,110000.0,4,8
45,0,3,15.0,150000.0,4,7
28,1,0,2.0,40000.0,1,10
35,0,0,8.0,85000.0,4,5
44,1,0,14.0,130000.0,4,11
34,0,2,6.0,100000.0,4,3
35,1,0,9.0,95000.0,4,8
50,0,3,22.0,180000.0,0,11
29,1,0,1.5,35000.0,1,6
40,0,0,12.0,100000.0,4,10
48,1,2,19.0,170000.0,0,11
31,0,0,3.0,45000.0,1,5
33,1,0,7.0,100000.0,4,7
42,0,2,13.0,140000.0,4,4
28,1,0,2.0,40000.0,1,3
40,0,0,11.0,105000.0,4,5
46,1,3,18.0,160000.0,4,2
33,0,0,5.0,70000.0,1,6
37,1,2,9.0,120000.0,4,11
51,0,2,21.0,190000.0,0,11
30,1,0,3.0,45000.0,1,5
43,1,0,15.0,120000.0,4,8
27,0,2,1.5,50000.0,1,9
35,1,0,8.0,85000.0,4,6
42,0,3,13.0,140000.0,4,5
32,1,0,3.0,45000.0,1,10
37,0,0,9.0,100000.0,4,3
45,1,2,16.0,140000.0,4,11
33,0,0,5.0,70000.0,1,6
39,1,0,10.0,120000.0,4,5
44,0,3,18.0,160000.0,4,4
29,1,0,1.5,40000.0,1,0
38,0,0,10.0,120000.0,4,7
46,1,3,19.0,150000.0,4,2
34,0,0,6.0,70000.0,1,5
36,1,0,8.0,95000.0,4,6
49,0,2,21.0,180000.0,0,11
31,1,0,3.0,50000.0,1,3
41,0,0,11.0,95000.0,4,8
47,1,2,20.0,170000.0,0,11
29,1,0,1.5,350.0,1,6
37,0,0,10.0,120000.0,4,3
31,0,0,3.0,50000.0,1,5
42,1,0,12.0,110000.0,4,6
29,0,0,1.5,40000.0,1,10
36,1,0,8.0,95000.0,4,5
44,0,2,15.0,140000.0,4,4
33,1,0,4.0,60000.0,1,6
39,0,0,9.0,110000.0,4,5
45,1,3,16.0,150000.0,4,2
32,0,0,4.0,60000.0,1,5
37,1,0,8.0,90000.0,4,3
47,0,2,20.0,180000.0,0,11
30,1,0,2.0,40000.0,1,0
38,0,0,9.0,120000.0,4,8
46,1,3,17.0,160000.0,4,2
34,0,0,5.0,70000.0,1,3
36,1,0,8.0,95000.0,4,7
49,0,2,21.0,180000.0,0,11
31,1,0,3.0,50000.0,1,6
47,1,2,19.0,170000.0,0,11
29,0,0,1.5,35000.0,1,10
35,1,0,9.0,100000.0,4,3
44,0,3,15.0,150000.0,4,7
33,1,0,4.0,60000.0,1,0
44,1,0,13.0,130000.0,4,11
32,1,0,4.0,65000.0,1,7
38,0,0,10.0,110000.0,4,0
49,1,3,21.0,180000.0,0,11
29,0,0,2.0,40000.0,1,5
35,1,0,7.0,90000.0,4,10
45,0,2,14.0,140000.0,4,4
33,1,0,4.0,60000.0,1,3
40,0,0,12.0,130000.0,4,5
44,1,3,16.0,160000.0,4,2
30,0,0,2.0,40000.0,1,6
37,1,0,9.0,100000.0,4,5
48,0,2,20.0,180000.0,0,11
31,1,0,3.0,55000.0,1,8
38,0,0,9.0,120000.0,4,6
33,0,0,5.0,70000.0,1,5
36,1,0,8.0,95000.0,4,0
42,0,0,12.0,120000.0,4,8
34,0,2,6.0,80000.0,4,3
30,0,0,2.0,40000.0,1,4
37,1,0,10.0,120000.0,4,10
45,0,2,16.0,160000.0,4,5
32,1,0,4.0,65000.0,1,3
39,0,0,12.0,130000.0,4,8
47,1,3,20.0,180000.0,0,11
29,0,0,2.0,40000.0,1,5
36,1,0,9.0,100000.0,4,6
43,0,3,15.0,150000.0,4,2
32,1,0,3.0,55000.0,1,5
48,1,2,21.0,180000.0,0,11
31,0,0,3.0,50000.0,1,10
40,1,0,12.0,130000.0,4,3
45,0,3,16.0,160000.0,4,7
33,1,0,4.0,60000.0,1,7
36,0,0,8.0,95000.0,4,5
47,1,2,19.0,170000.0,0,11
29,0,0,2.0,40000.0,1,8
34,1,0,7.0,90000.0,4,6
44,0,3,15.0,150000.0,4,0
33,1,0,5.0,70000.0,1,5
35,0,0,8.0,90000.0,4,3
43,1,2,18.0,170000.0,0,11
31,0,0,3.0,50000.0,1,3
41,1,0,14.0,150000.0,4,7
44,0,3,16.0,160000.0,4,2
45,1,2,19.0,180000.0,0,11
28,0,0,1.0,35000.0,1,6
36,1,0,8.0,110000.0,4,10
44,0,3,16.0,160000.0,4,2
31,1,0,3.0,55000.0,1,5
43,1,2,19.0,170000.0,0,11
31,1,2,6.0,160000.0,3,2
28,0,0,3.0,125000.0,3,11
26,1,2,2.0,120000.0,2,7
27,0,0,2.0,110000.0,3,2
30,1,3,5.0,180000.0,3,2
29,0,0,4.0,140000.0,3,11
32,1,0,7.0,170000.0,2,7
25,0,2,1.0,100000.0,3,2
33,1,3,8.0,190000.0,3,2
31,0,0,6.0,155000.0,3,11
28,1,2,3.0,130000.0,2,7
30,0,0,5.0,145000.0,3,2
27,1,3,2.0,115000.0,3,2
34,1,0,9.0,185000.0,2,7
28,1,0,3.0,125000.0,3,11
26,0,2,2.0,120000.0,2,7
27,1,0,2.0,110000.0,3,2
30,0,3,5.0,180000.0,3,2
29,1,0,4.0,140000.0,3,11
26,1,0,3.0,130000.0,3,2
29,0,2,6.0,180000.0,3,2
32,1,0,8.0,190000.0,3,11
27,0,0,4.0,150000.0,2,7
24,1,0,1.0,90000.0,3,2
31,0,2,9.0,195000.0,3,2
28,1,0,5.0,160000.0,3,11
33,0,2,11.0,198000.0,2,7
25,1,0,2.0,110000.0,3,2
30,0,3,7.0,185000.0,3,2
27,1,0,4.0,140000.0,3,11
34,0,2,12.0,196000.0,2,7
23,1,0,1.0,95000.0,3,2
32,0,3,10.0,193000.0,3,2
29,1,0,6.0,175000.0,3,11
30,0,0,5.0,160000.0,2,7
31,0,2,6.0,180000.0,3,2
31,1,0,9.0,195000.0,3,2
28,0,0,5.0,160000.0,3,11
33,1,2,11.0,198000.0,2,7
26,0,0,3.0,130000.0,3,2
30,1,3,7.0,185000.0,3,2
27,0,0,4.0,140000.0,3,11
34,1,2,12.0,196000.0,2,7
25,0,0,2.0,110000.0,3,2
30,1,0,5.0,160000.0,3,2
31,0,3,9.0,195000.0,3,2
25,1,0,2.0,125000.0,3,2
28,0,2,6.0,175000.0,3,2
30,1,0,8.0,190000.0,3,11
24,1,0,1.0,95000.0,3,2
31,1,2,9.0,195000.0,3,2
23,1,0,1.0,90000.0,3,2
29,1,0,6.0,170000.0,3,11
26,1,0,3.0,135000.0,3,2
25,1,0,2.0,115000.0,3,2
27,0,2,4.0,150000.0,3,2
24,0,0,3.0,125000.0,2,7
31,1,2,7.0,180000.0,3,2
33,0,2,10.0,195000.0,2,7
30,0,3,6.0,170000.0,3,2
34,0,2,11.0,196000.0,2,7
23,1,0,1.0,92000.0,3,2
32,0,3,9.0,195000.0,3,2
28,1,0,5.0,165000.0,3,11
25,1,0,3.0,135000.0,3,2
33,0,2,11.0,196000.0,2,7
24,1,0,1.0,92000.0,3,2
32,1,0,5.0,135000.0,3,2
27,0,2,3.0,180000.0,3,2
40,1,0,12.0,195000.0,3,11
35,0,0,8.0,165000.0,2,7
43,1,2,15.0,198000.0,3,2
29,0,0,4.0,150000.0,3,11
36,1,0,9.0,162000.0,3,2
31,1,2,6.0,175000.0,3,2
42,0,0,13.0,197000.0,3,11
33,1,0,7.0,142000.0,3,2
29,0,2,4.0,182000.0,3,2
41,1,0,11.0,185000.0,3,11
35,0,0,8.0,170000.0,2,7
27,1,0,4.0,160000.0,3,11
32,1,0,8.0,180000.0,3,2
29,0,2,6.0,150000.0,3,2
30,1,0,5.0,140000.0,3,2
24,1,0,2.0,100000.0,3,2
33,0,2,11.0,190000.0,2,7
26,1,0,3.0,120000.0,3,2
30,0,3,7.0,170000.0,3,2
31,1,0,9.0,190000.0,3,2
28,0,0,5.0,150000.0,3,11
26,0,0,3.0,120000.0,3,2
30,1,3,7.0,170000.0,3,2
27,0,0,4.0,130000.0,2,7
24,1,0,2.0,95000.0,3,2
33,1,2,11.0,195000.0,2,7
25,1,0,2.0,100000.0,3,2
28,1,0,5.0,150000.0,3,11
29,0,2,6.0,150000.0,3,2
33,0,2,11.0,195000.0,2,7
31,0,2,6.0,170000.0,3,2
32,1,0,8.0,180000.0,3,11
34,0,2,12.0,190000.0,2,7
25,0,0,2.0,100000.0,3,2
29,1,0,7.0,180000.0,3,11
27,0,0,5.0,120000.0,3,2
33,1,2,10.0,195000.0,3,2
28,1,0,4.0,160000.0,3,11
26,0,0,3.0,100000.0,3,2
31,1,0,8.0,190000.0,2,7
30,1,2,6.0,170000.0,3,11
32,0,0,9.0,185000.0,3,2
29,1,0,7.0,130000.0,3,2
35,0,0,12.0,190000.0,2,7
27,1,0,5.0,150000.0,3,11
28,0,2,6.0,150000.0,3,2
37,1,3,14.0,195000.0,2,7
26,1,0,3.0,110000.0,3,2
30,0,0,8.0,180000.0,3,11
31,1,2,9.0,185000.0,3,2
29,0,0,7.0,130000.0,3,2
32,1,0,10.0,190000.0,3,11
28,0,2,6.0,155000.0,3,2
34,1,0,12.0,195000.0,3,11
25,0,0,2.0,90000.0,3,2
30,1,0,8.0,185000.0,2,7
29,0,0,6.0,120000.0,3,2
31,1,0,9.0,180000.0,3,11
27,0,0,5.0,125000.0,3,2
28,1,0,7.0,175000.0,4,11
44,1,3,18.0,190000.0,2,11
33,0,2,5.0,110000.0,3,11
50,1,3,16.0,195000.0,4,8
27,0,2,3.0,100000.0,3,0
25,1,0,1.0,60000.0,3,11
35,1,2,8.0,155000.0,4,11
47,0,3,12.0,175000.0,3,0
46,0,2,13.0,180000.0,4,8
32,1,0,4.0,95000.0,3,11
61,1,3,20.0,200000.0,2,11
41,1,2,11.0,165000.0,4,11
37,1,2,9.0,145000.0,4,8
53,1,3,19.0,195000.0,2,11
30,0,0,2.0,75000.0,3,11
26,0,2,3.0,90000.0,3,11
37,0,2,9.0,155000.0,4,11
32,1,0,5.0,115000.0,3,0
44,0,2,12.0,170000.0,4,11
50,0,3,16.0,190000.0,2,11
27,1,0,4.0,115000.0,4,8
42,1,3,14.0,180000.0,3,0
57,1,3,18.0,195000.0,2,11
35,1,2,7.0,140000.0,4,11
62,1,3,19.0,200000.0,2,11
26,0,2,2.0,70000.0,3,11
42,0,2,11.0,170000.0,4,8
41,0,3,14.0,185000.0,2,11
36,0,2,8.0,140000.0,3,0
49,1,3,15.0,185000.0,2,11
49,1,3,15.0,185000.0,4,8
47,1,3,15.0,180000.0,2,11
47,1,3,14.0,175000.0,4,11
26,1,0,2.0,70000.0,3,11
24,0,0,1.0,60000.0,3,11
62,1,3,20.0,200000.0,2,11
42,1,3,14.0,170000.0,4,11
41,0,2,11.0,165000.0,4,8
23,1,0,1.0,55000.0,3,0
55,1,3,17.0,190000.0,2,11
33,0,0,5.0,105000.0,3,11
31,1,2,6.0,130000.0,3,0
50,0,3,16.0,185000.0,2,11
24,0,2,1.0,60000.0,3,11
56,1,3,17.0,195000.0,2,11
24,1,0,1.0,60000.0,3,11
37,1,2,8.0,150000.0,4,11
43,0,3,13.0,180000.0,4,8
34,1,2,6.0,125000.0,3,11
45,1,3,15.0,185000.0,2,11
29,1,0,3.0,90000.0,3,0
29,1,0,3.0,80000.0,3,11
29,0,0,3.0,85000.0,3,11
48,1,3,16.0,190000.0,4,8
43,0,2,11.0,160000.0,2,11
54,1,3,17.0,195000.0,2,11
60,1,3,18.0,195000.0,2,11
54,0,3,14.0,190000.0,2,11
27,0,2,3.0,95000.0,3,0
23,1,0,1.0,55000.0,3,11
45,1,3,13.0,185000.0,4,11
32,0,2,5.0,120000.0,3,0
57,1,3,16.0,195000.0,2,11
47,1,3,14.0,175000.0,2,11
25,0,2,2.0,75000.0,3,11
58,1,3,17.0,200000.0,2,11
41,0,2,12.0,160000.0,4,11
41,1,3,12.0,175000.0,2,11
47,1,3,15.0,180000.0,4,11
32,1,0,5.0,120000.0,3,0
45,1,3,14.0,185000.0,4,8
53,1,3,18.0,195000.0,2,11
47,0,3,14.0,170000.0,4,11
23,1,0,1.0,55000.0,3,11
33,1,2,6.0,130000.0,3,11
42,1,3,14.0,180000.0,2,11
37,1,2,9.0,145000.0,4,11
44,0,2,12.0,170000.0,4,8
38,0,2,10.0,155000.0,3,11
34,1,2,6.0,125000.0,3,0
46,0,3,14.0,180000.0,2,11
30,1,0,4.0,95000.0,3,11
44,0,2,11.0,170000.0,4,11
42,1,3,14.0,175000.0,4,8
27,1,0,3.0,80000.0,3,11
54,1,3,18.0,195000.0,2,11
38,1,2,10.0,155000.0,4,11
31,1,2,6.0,125000.0,4,8
28,0,2,4.0,110000.0,3,0
30,0,2,6.0,130000.0,3,11
54,1,3,16.0,190000.0,2,11
37,1,2,9.0,150000.0,4,11
31,1,2,7.0,140000.0,4,11
58,0,3,17.0,195000.0,2,11
23,0,0,1.0,55000.0,3,11
52,0,3,16.0,190000.0,2,11
32,0,2,6.0,130000.0,3,0
32,1,2,6.0,130000.0,3,11
34,1,2,7.0,140000.0,3,0
28,1,0,2.0,70000.0,3,11
44,1,2,11.0,170000.0,4,8
46,1,3,14.0,180000.0,2,11
27,0,2,2.0,70000.0,3,11
23,0,0,1.0,55000.0,3,11
43,1,3,13.0,180000.0,2,11
28,0,0,2.0,70000.0,3,11
43,1,2,12.0,165000.0,4,8
43,1,3,13.0,185000.0,4,8
36,1,2,7.0,140000.0,4,11
28,0,0,3.0,80000.0,3,11
28,0,2,3.0,90000.0,3,11
43,1,3,12.0,170000.0,4,11
44,1,3,12.0,170000.0,4,8
37,1,2,10.0,155000.0,4,11
56,1,3,18.0,195000.0,2,11
27,1,0,2.0,70000.0,3,11
31,1,2,7.0,140000.0,3,0
50,1,3,16.0,190000.0,2,11
33,1,2,6.0,130000.0,3,0
41,1,3,12.0,165000.0,4,8
24,0,0,1.0,55000.0,3,11
43,1,3,12.0,165000.0,4,8
58,1,3,17.0,195000.0,2,11
29,0,0,3.0,85000.0,3,11
52,1,3,18.0,200000.0,2,11
36,1,2,8.0,140000.0,3,0
26,1,0,2.0,65000.0,3,11
47,1,3,16.0,190000.0,4,8
32,1,2,6.0,120000.0,3,0
57,1,3,18.0,200000.0,2,11
51,1,3,16.0,190000.0,2,11
27,0,2,2.0,65000.0,3,11
36,1,2,7.0,130000.0,3,0
33,0,2,5.0,120000.0,3,0
25,1,0,1.0,55000.0,3,11
40,1,3,12.0,160000.0,4,11
36,1,2,8.0,140000.0,4,11
31,1,2,7.0,135000.0,4,8
24,1,0,1.0,55000.0,3,11
34,1,0,5.0,95000.0,3,11
43,0,2,12.0,170000.0,4,11
27,1,0,2.0,75000.0,3,11
56,0,3,18.0,210000.0,2,11
32,1,2,7.0,135000.0,3,0
46,1,3,16.0,190000.0,4,8
41,0,3,11.0,165000.0,4,8
34,1,0,6.0,120000.0,3,11
40,0,3,12.0,160000.0,4,11
24,1,0,1.0,55000.0,3,11
36,1,0,7.0,120000.0,3,11
29,0,2,3.0,90000.0,3,11
41,0,3,14.0,180000.0,2,11
33,1,0,7.0,130000.0,3,0
42,1,3,12.0,170000.0,4,11
28,1,0,2.0,70000.0,3,11
55,1,3,18.0,210000.0,2,11
26,0,2,1.0,55000.0,3,11
44,0,3,11.0,165000.0,2,11
30,1,2,5.0,105000.0,3,0
39,0,2,11.0,160000.0,4,11
32,1,0,6.0,110000.0,3,11
50,1,3,17.0,195000.0,2,11
27,1,0,3.0,85000.0,3,11
46,1,3,14.0,180000.0,4,8
25,0,0,1.0,55000.0,3,11
35,1,0,8.0,140000.0,3,11
35,1,0,8.0,145000.0,3,0
41,1,3,13.0,185000.0,4,8
33,1,0,6.0,110000.0,3,11
31,1,0,6.0,115000.0,3,11
42,0,2,13.0,170000.0,2,11
27,0,0,3.0,80000.0,3,11
51,1,3,19.0,200000.0,4,8
34,0,2,7.0,130000.0,3,0
38,1,0,11.0,155000.0,2,11
29,1,0,5.0,105000.0,3,11
43,0,3,14.0,190000.0,4,8
36,1,2,8.0,140000.0,3,11
48,1,3,16.0,185000.0,2,11
35,0,0,8.0,145000.0,3,0
30,0,2,4.0,90000.0,3,11
50,1,3,18.0,195000.0,4,8
29,1,0,4.0,95000.0,3,11
41,1,2,13.0,170000.0,2,11
33,0,0,6.0,115000.0,3,0
45,1,3,16.0,185000.0,4,8
28,0,0,2.0,65000.0,3,11
39,0,2,12.0,160000.0,2,11
30,1,0,5.0,100000.0,3,11
46,1,3,15.0,180000.0,4,8
42,1,3,14.0,190000.0,2,11
31,1,0,6.0,115000.0,3,0
49,0,3,17.0,195000.0,4,8
36,1,2,9.0,150000.0,3,11
45,1,3,16.0,185000.0,2,11
25,0,0,1.0,550.0,3,11
29,1,0,4.0,90000.0,3,11
40,0,2,12.0,160000.0,2,11
33,0,2,6.0,115000.0,3,0
37,1,0,10.0,150000.0,2,11
28,1,0,2.0,65000.0,3,11
44,0,3,14.0,190000.0,4,8
35,1,2,8.0,140000.0,3,11
47,1,3,16.0,185000.0,2,11
34,0,0,7.0,130000.0,3,0
31,0,2,5.0,105000.0,3,11
42,1,2,13.0,170000.0,2,11
29,0,0,4.0,90000.0,3,11
27,1,0,3.0,80000.0,3,11
49,1,3,17.0,195000.0,4,8
32,0,2,6.0,115000.0,3,0
36,1,0,8.0,135000.0,2,11
27,1,0,2.0,65000.0,3,11
34,1,2,8.0,140000.0,3,11
46,1,3,16.0,185000.0,2,11
33,0,0,7.0,130000.0,3,0
30,0,2,5.0,105000.0,3,11
50,1,3,19.0,200000.0,4,8
27,1,0,7.0,100000.0,3,11
31,0,0,6.0,110000.0,3,11
37,1,2,10.0,150000.0,2,11
31,1,2,8.0,130000.0,2,11
43,1,3,15.0,180000.0,4,8
35,0,2,8.0,140000.0,3,0
42,1,0,12.0,160000.0,2,11
28,0,0,2.0,55000.0,3,11
44,0,3,16.0,190000.0,4,8
32,1,2,7.0,120000.0,3,11
48,1,3,18.0,200000.0,2,11
30,0,0,5.0,100000.0,3,0
34,1,2,9.0,150000.0,3,11
37,0,0,11.0,170000.0,2,11
49,0,3,19.0,210000.0,4,8
29,1,0,4.0,90000.0,3,0
41,1,2,14.0,180000.0,2,11
46,0,3,16.0,185000.0,4,8
30,1,2,5.0,105000.0,3,11
50,1,3,20.0,210000.0,2,11
31,1,0,6.0,95000.0,3,11
39,0,2,11.0,170000.0,2,11
48,1,3,19.0,200000.0,2,11
28,1,0,4.0,75000.0,3,11
33,0,2,7.0,95000.0,3,2
22,1,0,1.0,50000.0,3,11
44,1,3,15.0,180000.0,4,2
29,0,0,3.0,65000.0,3,11
31,1,2,6.0,120000.0,2,7
25,0,2,2.0,60000.0,3,11
38,1,0,10.0,150000.0,3,2
27,1,0,3.0,70000.0,3,11
46,0,3,20.0,220000.0,0,11
33,1,2,8.0,100000.0,3,2
24,0,0,2.0,55000.0,3,11
36,1,3,12.0,170000.0,4,2
30,0,0,5.0,90000.0,3,11
29,1,0,4.0,80000.0,3,11
42,1,2,14.0,180000.0,2,7
26,1,0,2.0,60000.0,3,11
35,0,2,9.0,120000.0,3,2
27,0,0,3.0,70000.0,3,11
48,1,3,18.0,210000.0,0,11
34,1,2,9.0,140000.0,3,2
23,0,0,1.0,50000.0,3,11
32,1,2,7.0,110000.0,2,7
37,1,0,11.0,160000.0,3,2
41,0,3,16.0,200000.0,0,11
34,1,2,8.0,100000.0,3,2
34,0,0,8.0,122485.0,3,0
25,1,3,12.0,169159.0,2,11
43,1,2,21.0,187081.0,4,11
53,2,1,31.0,166109.0,4,8
27,0,2,5.0,78354.0,3,11
25,1,0,2.0,90249.0,3,11
29,0,2,6.0,132720.0,4,11
52,1,3,23.0,161568.0,2,11
41,1,2,13.0,127346.0,3,11
49,0,0,19.0,120177.0,3,11
25,2,1,2.0,69032.0,3,0
35,1,2,8.0,101332.0,4,8
57,0,3,30.0,121450.0,3,0
35,0,0,12.0,166375.0,4,8
43,1,2,21.0,185119.0,4,11
37,0,0,10.0,149217.0,3,0
50,1,2,21.0,166512.0,2,11
52,0,2,28.0,186963.0,4,11
26,1,0,3.0,75072.0,3,11
34,0,2,10.0,163398.0,3,0
30,1,1,11.0,103947.0,4,8
60,0,3,33.0,179180.0,2,11
50,1,0,23.0,175966.0,3,11
58,1,2,27.0,190004.0,4,11
35,0,2,10.0,152039.0,3,0
28,1,2,5.0,76742.0,3,11
57,0,3,33.0,191790.0,2,11
46,0,0,20.0,139398.0,4,11
28,1,1,7.0,95845.0,3,11
34,1,2,12.0,160976.0,3,0
33,0,2,9.0,126753.0,4,8
37,2,2,14.0,161393.0,3,0
33,1,2,8.0,139817.0,4,11
53,1,3,25.0,181714.0,2,11
35,0,0,10.0,114776.0,3,11
30,1,2,6.0,105725.0,3,0
24,0,1,1.0,52731.0,4,8
36,1,2,8.0,106492.0,3,11
27,0,0,4.0,73895.0,3,0
23,1,3,1.0,119836.0,2,11
28,0,2,5.0,99747.0,4,11
52,1,0,25.0,168287.0,3,11
28,0,2,7.0,115920.0,3,0
32,1,2,11.0,128078.0,4,8
24,0,0,1.0,51265.0,3,11
43,1,1,22.0,165919.0,4,11
60,0,3,34.0,188651.0,2,11
24,1,2,0.0,55538.0,3,11
55,1,0,28.0,193964.0,4,8
29,0,2,4.0,104702.0,3,0
44,1,3,19.0,172955.0,2,11
40,0,2,16.0,138032.0,4,11
27,1,0,4.0,82683.0,3,11
43,1,2,17.0,155414.0,3,0
49,0,1,25.0,154207.0,4,8
30,1,2,8.0,107895.0,3,11
42,0,0,18.0,148446.0,4,11
26,1,2,4.0,102859.0,3,0
41,0,3,13.0,138662.0,2,11
46,1,0,23.0,181699.0,4,8
57,0,2,33.0,188232.0,3,0
22,0,1,0.0,51832.0,3,11
54,1,3,28.0,188484.0,2,11
42,0,2,16.0,138286.0,4,11
49,1,0,22.0,181132.0,3,0
27,0,2,4.0,73938.0,3,11
36,1,0,14.0,119224.0,4,8
31,0,2,6.0,101186.0,3,0
39,1,2,14.0,142360.0,2,11
41,0,0,20.0,151315.0,4,8
48,1,3,23.0,181021.0,3,0
39,0,2,15.0,134641.0,4,11
48,1,0,23.0,173851.0,3,11
31,2,1,8.0,104127.0,3,11
47,1,2,25.0,178859.0,4,8
29,0,3,5.0,98568.0,3,0
32,1,0,9.0,104661.0,2,11
38,0,2,13.0,134858.0,4,11
34,1,0,10.0,94502.0,3,11
23,2,1,2.0,62852.0,3,11
36,1,0,14.0,139095.0,3,11
30,0,2,5.0,106278.0,4,8
28,1,2,4.0,90452.0,3,0
46,0,3,23.0,168304.0,2,11
34,1,0,10.0,126593.0,3,11
44,1,2,19.0,152203.0,4,11
55,0,3,30.0,183138.0,2,11
35,1,2,9.0,130275.0,3,0
54,1,0,29.0,191915.0,4,8
23,0,1,2.0,62807.0,3,11
46,1,2,21.0,174305.0,4,11
33,0,0,9.0,133326.0,3,0
26,1,2,4.0,75656.0,3,11
43,0,3,19.0,155944.0,2,11
36,1,2,11.0,137775.0,3,0
23,0,0,0.0,51831.0,4,8
49,1,2,22.0,182237.0,2,11
35,0,2,10.0,151901.0,3,0
31,1,0,8.0,100052.0,3,11
54,2,1,29.0,158254.0,4,11
43,1,2,20.0,167207.0,3,0
33,0,2,10.0,112439.0,4,8
52,0,3,29.0,194214.0,2,11
28,1,0,5.0,84407.0,3,0
36,0,2,13.0,139413.0,4,11
43,1,0,20.0,143084.0,4,8
50,0,2,25.0,192344.0,3,0
24,1,3,1.0,106132.0,2,11
52,1,2,26.0,184816.0,4,11
46,0,0,19.0,150248.0,3,11
38,1,2,15.0,170995.0,3,0
29,1,0,6.0,88035.0,4,8
33,0,2,10.0,119419.0,3,11
47,1,3,21.0,173582.0,2,11
45,0,2,23.0,174436.0,4,11
28,1,0,4.0,71699.0,3,11
42,0,2,14.0,163558.0,3,0
46,1,0,24.0,166828.0,4,8
38,0,3,15.0,144496.0,2,11
54,1,2,31.0,193746.0,4,11
33,0,2,8.0,122581.0,3,0
27,1,1,4.0,79767.0,3,11
50,0,0,25.0,177177.0,4,8
26,1,2,4.0,89843.0,3,0
31,0,2,6.0,113563.0,4,11
35,1,0,10.0,128712.0,3,11
44,0,3,18.0,161621.0,2,11
32,1,2,8.0,121454.0,4,8
54,1,0,25.0,179987.0,3,0
26,0,2,3.0,72649.0,3,11
23,1,3,0.0,52612.0,2,11
48,0,2,24.0,184006.0,4,11
38,1,0,12.0,131960.0,3,11
30,0,2,5.0,102465.0,3,0
40,1,2,16.0,149748.0,2,11
45,0,0,22.0,171036.0,4,8
36,1,2,13.0,146351.0,3,0
52,1,3,26.0,185462.0,2,11
31,0,0,7.0,107718.0,4,11
26,1,2,4.0,90944.0,3,0
30,0,2,5.0,100425.0,4,8
24,1,0,2.0,63901.0,3,11
45,1,2,22.0,181902.0,4,11
33,0,2,9.0,136533.0,3,0
38,1,0,11.0,136285.0,3,11
54,0,3,31.0,191818.0,2,11
42,1,2,19.0,176643.0,3,0
28,0,0,4.0,70022.0,4,8
30,1,2,6.0,99363.0,3,11
43,0,2,19.0,152944.0,4,11
35,1,0,10.0,123386.0,3,11
44,1,2,21.0,168906.0,3,0
55,0,0,30.0,183020.0,4,8
23,1,1,1.0,47898.0,3,11
39,0,2,14.0,135853.0,4,11
43,1,0,17.0,149198.0,3,0
29,1,3,6.0,106662.0,2,11
51,1,2,28.0,186610.0,4,11
30,0,0,6.0,89995.0,4,8
26,1,2,4.0,85825.0,3,0
39,0,3,13.0,143814.0,2,11
49,1,2,24.0,174726.0,3,11
42,0,0,20.0,150534.0,4,11
27,1,0,4.0,68732.0,3,11
43,1,2,21.0,187951.0,3,0
37,0,0,13.0,137336.0,4,8
51,1,3,26.0,191159.0,2,11
29,0,2,5.0,102868.0,3,0
43,1,0,20.0,154281.0,4,11
31,1,2,8.0,111535.0,3,11
30,0,2,6.0,107906.0,4,8
36,1,0,13.0,143885.0,3,0
52,0,3,27.0,180958.0,2,11
28,1,2,6.0,108607.0,4,11
49,1,0,24.0,178284.0,3,11
27,0,2,4.0,75969.0,3,11
41,1,2,15.0,143705.0,4,8
56,0,3,31.0,197354.0,2,11
46,1,0,22.0,174324.0,4,11
32,0,2,8.0,123781.0,3,0
38,1,3,12.0,141735.0,2,11
52,1,2,28.0,187120.0,4,8
24,0,0,1.0,61095.0,3,11
49,1,2,22.0,179045.0,3,0
35,0,2,10.0,130355.0,4,11
31,1,0,7.0,103282.0,3,11
44,0,3,18.0,157872.0,2,11
33,1,2,10.0,117314.0,4,8
54,1,0,30.0,186321.0,4,11
33,0,2,11.0,129686.0,3,0
27,1,1,3.0,68611.0,3,11
51,0,2,25.0,177913.0,4,8
26,1,2,3.0,68472.0,3,0
31,0,2,6.0,113065.0,4,11
35,1,0,9.0,125091.0,3,11
45,0,3,23.0,172925.0,2,11
32,1,2,9.0,126916.0,4,8
54,1,0,27.0,183417.0,3,0
26,0,2,4.0,76898.0,3,11
23,1,3,1.0,579.0,2,11
26,0,0,2.0,65000.0,3,11
33,1,2,8.0,120000.0,3,2
29,0,0,4.0,90000.0,2,7
41,1,3,15.0,190000.0,3,2
35,0,2,9.0,140000.0,3,11
28,1,0,3.0,75000.0,3,11
37,0,2,11.0,160000.0,3,2
33,1,0,8.0,130000.0,2,7
24,0,2,2.0,60000.0,3,11
46,1,3,20.0,220000.0,0,11
29,0,0,5.0,80000.0,3,11
31,1,2,7.0,130000.0,3,2
27,0,0,3.0,65000.0,3,11
38,1,3,13.0,170000.0,4,2
30,0,2,6.0,110000.0,2,7
25,1,0,2.0,50000.0,3,11
44,1,3,18.0,210000.0,0,11
33,0,2,8.0,100000.0,3,2
22,1,0,1.0,50000.0,3,11
36,1,2,10.0,160000.0,2,7
28,0,0,4.0,70000.0,3,11
41,1,3,16.0,190000.0,4,2
34,0,2,9.0,140000.0,3,2
23,1,0,1.0,45000.0,3,11
32,0,2,7.0,120000.0,2,7
25,1,2,2.0,60000.0,3,11
37,0,0,11.0,150000.0,3,2
28,1,0,4.0,70000.0,3,11
29,0,0,6.0,103579.0,3,0
45,1,2,19.0,163780.0,2,11
36,1,0,12.0,137878.0,3,11
30,0,2,4.0,92438.0,4,8
28,1,2,5.0,84181.0,3,0
46,0,3,21.0,174821.0,2,11
34,1,0,10.0,126520.0,3,11
44,1,2,18.0,152168.0,4,11
55,0,3,29.0,190543.0,2,11
35,1,2,9.0,131547.0,3,0
54,1,0,28.0,192292.0,4,8
23,0,1,1.0,52807.0,3,11
46,1,2,20.0,174938.0,4,11
33,0,0,8.0,124071.0,3,0
26,1,2,3.0,73640.0,3,11
43,0,3,19.0,156486.0,2,11
36,1,2,11.0,138859.0,3,0
23,0,0,0.0,52831.0,4,8
49,1,2,23.0,182392.0,2,11
35,0,2,11.0,151078.0,3,0
31,1,0,8.0,100679.0,3,11
54,2,1,29.0,158966.0,4,11
43,1,2,20.0,167924.0,3,0
33,0,2,10.0,113334.0,4,8
52,0,3,29.0,194778.0,2,11
28,1,0,4.0,77606.0,3,0
36,0,2,13.0,140010.0,4,11
43,1,0,20.0,142421.0,4,8
50,0,2,24.0,192756.0,3,0
24,1,3,1.0,106686.0,2,11
52,1,2,27.0,186794.0,4,11
46,0,0,19.0,150729.0,3,11
38,1,2,15.0,171652.0,3,0
29,1,0,6.0,88552.0,4,8
33,0,2,9.0,119918.0,3,11
47,1,3,21.0,174985.0,2,11
45,0,2,23.0,174336.0,4,11
28,1,0,4.0,72389.0,3,11
42,0,2,14.0,163978.0,3,0
46,1,0,25.0,166958.0,4,8
38,0,3,15.0,145052.0,2,11
54,1,2,32.0,195270.0,4,11
33,0,2,8.0,122970.0,3,0
27,1,1,4.0,80247.0,3,11
50,0,0,25.0,177862.0,4,8
26,1,2,4.0,91062.0,3,0
31,0,2,6.0,114290.0,4,11
35,1,0,10.0,128999.0,3,11
44,0,3,18.0,162454.0,2,11
32,1,2,8.0,122354.0,4,8
54,1,0,25.0,179756.0,3,0
26,0,2,3.0,73218.0,3,11
48,0,2,24.0,184480.0,4,11
38,1,0,12.0,132442.0,3,11
30,0,2,5.0,102828.0,3,0
40,1,2,16.0,150301.0,2,11
45,0,0,22.0,171468.0,4,8
36,1,2,13.0,147326.0,3,0
52,1,3,26.0,185982.0,2,11
31,0,0,7.0,108267.0,4,11
26,1,2,4.0,91397.0,3,0
30,0,2,5.0,100867.0,4,8
24,1,0,2.0,64182.0,3,11
45,1,2,22.0,182506.0,4,11
33,0,2,9.0,136986.0,3,0
38,1,0,11.0,136662.0,3,11
54,0,3,32.0,191510.0,2,11
42,1,2,19.0,177347.0,3,0
28,0,0,3.0,70397.0,4,8
34,1,2,9.0,146075.0,2,11
46,0,0,18.0,155795.0,3,11
35,1,2,9.0,132638.0,3,0
49,0,3,22.0,178684.0,2,11
32,1,0,7.0,106218.0,4,11
54,1,2,28.0,191239.0,3,0
26,0,2,2.0,65840.0,3,11
23,1,3,0.0,52779.0,2,11
48,0,2,23.0,185038.0,4,11
38,1,0,14.0,136449.0,3,11
30,0,2,6.0,110707.0,3,0
40,1,2,17.0,151670.0,2,11
45,0,0,21.0,167015.0,4,8
36,1,2,13.0,146508.0,3,0
52,1,3,27.0,190596.0,2,11
31,0,0,6.0,104378.0,4,11
26,1,2,3.0,70216.0,3,0
30,0,2,5.0,101733.0,4,8
24,1,0,1.0,55935.0,3,11
45,1,2,21.0,180367.0,4,11
33,0,2,9.0,135596.0,3,0
38,1,0,11.0,136062.0,3,11
54,0,3,32.0,191267.0,2,11
26,1,2,3.0,91397.0,3,0
28,0,0,4.0,82944.0,4,8
48,1,3,23.0,188288.0,2,11
36,0,2,14.0,141090.0,4,11
43,1,0,19.0,152726.0,3,0
33,0,2,9.0,124141.0,3,11
26,1,0,3.0,67556.0,3,11
50,0,2,22.0,182768.0,4,8
41,1,3,15.0,148727.0,2,11
29,0,0,6.0,91903.0,3,0
38,1,2,14.0,147708.0,4,11
48,0,0,21.0,163209.0,4,8
31,1,2,8.0,120288.0,3,0
45,1,3,21.0,170226.0,2,11
35,0,2,11.0,134979.0,4,11
42,1,0,16.0,137489.0,3,11
27,0,2,4.0,83577.0,3,0
33,1,0,9.0,117904.0,3,11
36,0,2,11.0,134482.0,4,8
54,1,3,30.0,184660.0,2,11
30,0,0,5.0,100151.0,4,11
26,1,2,3.0,88678.0,3,0
45,0,3,21.0,181285.0,4,8
38,1,2,16.0,154990.0,2,11
31,0,0,7.0,108204.0,3,0
42,1,2,19.0,175684.0,4,11
28,0,0,5.0,77766.0,3,11
48,1,3,24.0,192211.0,2,11
36,0,2,13.0,144647.0,3,0
43,1,0,20.0,162231.0,4,8
33,0,2,9.0,121120.0,3,11
26,1,0,4.0,79652.0,3,0
50,0,2,21.0,177002.0,4,11
27,1,2,5.0,87584.0,3,11
38,0,0,13.0,131860.0,4,8
54,1,3,28.0,182013.0,2,11
31,0,2,7.0,108799.0,3,0
36,1,0,13.0,135378.0,4,11
45,0,2,22.0,183530.0,2,11
42,1,0,18.0,150901.0,3,11
28,0,2,4.0,82697.0,3,0
48,1,3,26.0,194638.0,4,11
36,0,2,12.0,130356.0,4,8
43,1,0,18.0,152560.0,3,0
33,0,2,9.0,121432.0,3,11
26,1,0,2.0,63789.0,3,11
50,0,2,23.0,183690.0,4,11
41,1,3,16.0,151310.0,2,11
29,0,0,6.0,100358.0,3,0
38,1,2,15.0,148437.0,4,11
48,0,0,22.0,168691.0,4,8
31,1,2,8.0,115326.96477086132,3,0
28,1,0,1.0,50000.0,3,11
32,0,2,5.0,100000.0,2,7
26,1,0,2.0,60000.0,3,11
33,0,2,6.0,90000.0,3,2
29,1,0,3.0,70000.0,3,11
42,1,3,12.0,170000.0,0,11
36,0,2,8.0,130000.0,3,2
27,1,0,1.0,50000.0,3,11
34,0,2,7.0,120000.0,2,7
29,1,0,4.0,80000.0,3,11
41,0,3,16.0,200000.0,4,2
36,1,3,12.0,170000.0,0,11
30,0,0,4.0,80000.0,3,11
28,1,2,5.0,80000.0,3,11
30,0,0,4.0,60000.0,1,4
25,1,0,2.0,50000.0,1,11
45,0,2,18.0,160000.0,4,4
33,1,3,9.0,120000.0,0,11
22,0,1,0.0,40000.0,1,4
36,1,0,10.0,100000.0,3,11
29,0,2,4.0,75000.0,4,4
42,1,3,16.0,140000.0,0,11
27,0,0,2.0,50000.0,1,4
38,1,2,11.0,110000.0,4,4
24,0,0,1.0,45000.0,3,11
31,1,1,4.0,55000.0,1,11
39,0,3,13.0,130000.0,0,11
26,1,0,2.0,50000.0,1,4
32,0,2,7.0,80000.0,4,4
32,1,0,2.0,45000.0,1,11
24,0,1,1.0,32000.0,1,4
45,1,3,12.0,120000.0,4,4
29,0,2,4.0,65000.0,3,11
38,1,0,8.0,95000.0,4,4
27,0,2,5.0,80000.0,0,11
31,0,1,3.0,38000.0,1,4
42,1,2,10.0,110000.0,3,11
26,0,0,2.0,45000.0,1,11
36,1,2,7.0,89000.0,4,4
28,1,1,1.0,32000.0,1,4
33,0,0,5.0,70000.0,3,11
46,1,3,15.0,150000.0,0,11
25,0,0,1.0,40000.0,1,11
37,0,2,9.0,105000.0,4,4
30,1,2,4.0,65000.0,3,11
43,0,3,14.0,140000.0,0,11
34,1,0,3.0,50000.0,1,11
26,0,1,2.0,35000.0,1,4
41,1,2,11.0,115000.0,4,4
29,0,2,5.0,70000.0,3,11
35,1,0,6.0,80000.0,3,11
27,0,1,1.0,30000.0,1,4
40,1,3,13.0,135000.0,0,11
23,0,0,1.0,40000.0,1,11
39,1,2,10.0,105000.0,4,4
31,1,1,2.0,35000.0,1,4
44,0,3,12.0,120000.0,4,4
28,1,2,3.0,55000.0,3,11
32,0,0,2.0,45000.0,1,11
45,1,2,14.0,140000.0,0,11
26,0,0,3.0,55000.0,3,11
38,1,3,11.0,115000.0,4,4
27,0,2,4.0,70000.0,4,4
33,1,1,3.0,38000.0,1,4
42,0,2,13.0,135000.0,0,11
29,1,0,2.0,45000.0,1,11
36,0,2,7.0,85000.0,3,11
30,1,1,1.0,32000.0,1,4
43,0,3,15.0,150000.0,4,4
34,1,0,4.0,65000.0,3,11
25,0,2,1.0,32000.0,1,4
37,1,3,12.0,120000.0,0,11
24,0,0,1.0,40000.0,1,11
39,1,2,9.0,95000.0,4,4
44,0,3,14.0,140000.0,0,11
28,1,0,3.0,55000.0,3,11
32,0,2,6.0,80000.0,4,4
45,1,3,13.0,135000.0,0,11
38,1,2,8.0,95000.0,4,4
27,0,1,1.0,32000.0,1,4
33,1,0,5.0,70000.0,3,11
42,0,2,12.0,120000.0,0,11
29,1,2,4.0,70000.0,4,4
30,1,1,2.0,33000.0,1,4
37,1,3,11.0,115000.0,0,11
24,0,0,1.0,40000.0,3,11
44,0,3,13.0,135000.0,0,11
28,1,0,4.0,65000.0,3,11
45,1,3,14.0,140000.0,0,11
28,1,0,3.0,60000.0,3,11
37,0,2,9.0,100000.0,2,5
43,1,3,15.0,150000.0,3,2
31,0,0,4.0,55000.0,3,4
24,1,1,1.0,30000.0,1,10
29,0,2,5.0,70000.0,3,11
35,1,0,8.0,90000.0,2,6
26,0,2,2.0,40000.0,3,5
42,1,3,12.0,130000.0,3,2
34,0,0,6.0,75000.0,2,4
27,1,1,2.0,35000.0,1,10
38,0,2,10.0,110000.0,2,5
30,1,0,4.0,65000.0,3,11
45,1,3,18.0,180000.0,3,2
25,0,0,1.0,35000.0,1,11
40,0,2,11.0,120000.0,2,4
33,1,0,6.0,75000.0,2,6
29,0,1,1.0,30000.0,1,10
44,1,3,16.0,160000.0,3,2
26,1,0,3.0,60000.0,3,11
36,0,2,8.0,85000.0,3,5
31,1,0,5.0,70000.0,2,6
27,0,2,3.0,50000.0,3,4
42,1,3,13.0,140000.0,3,2
28,1,1,2.0,35000.0,1,10
39,0,2,10.0,110000.0,2,5
31,1,0,4.0,65000.0,3,11
27,1,0,3.0,60000.0,3,11
38,0,2,9.0,100000.0,2,5
44,1,3,15.0,150000.0,3,2
30,0,0,4.0,55000.0,3,4
23,1,1,1.0,30000.0,1,10
28,0,2,5.0,70000.0,3,11
34,1,0,8.0,90000.0,2,6
25,0,2,2.0,40000.0,3,5
41,1,3,12.0,130000.0,3,2
33,0,0,6.0,75000.0,2,4
26,1,1,2.0,35000.0,1,10
37,0,2,10.0,110000.0,2,5
29,1,0,4.0,65000.0,3,11
46,1,3,18.0,180000.0,3,2
26,0,0,1.0,35000.0,1,11
39,0,2,11.0,120000.0,2,4
32,1,0,6.0,75000.0,2,6
28,0,1,1.0,30000.0,1,10
43,1,3,16.0,160000.0,3,2
27,1,0,3.0,60000.0,3,11
35,0,2,8.0,85000.0,3,5
30,1,0,5.0,70000.0,2,6
26,0,2,3.0,50000.0,3,4
41,1,3,13.0,140000.0,3,2
24,1,0,2.0,55000.0,3,11
32,0,2,7.0,90000.0,2,5
45,1,3,16.0,160000.0,3,2
28,0,0,4.0,60000.0,3,4
22,1,1,1.0,25000.0,1,10
36,1,0,8.0,100000.0,2,6
27,0,0,3.0,45000.0,3,5
42,1,3,14.0,140000.0,3,2
25,1,1,2.0,30000.0,1,10
39,0,2,11.0,120000.0,2,5
47,1,3,19.0,190000.0,3,2
40,0,2,12.0,130000.0,2,4
33,1,0,7.0,85000.0,2,6
29,0,1,1.0,25000.0,1,10
28,1,0,3.0,60000.0,3,11
36,0,2,9.0,100000.0,3,5
31,1,0,6.0,75000.0,2,6
26,1,1,2.0,30000.0,1,10
31,1,0,5.0,80000.0,3,11
27,0,2,3.0,60000.0,2,5
38,1,3,12.0,130000.0,3,2
29,0,0,2.0,45000.0,3,4
23,1,1,1.0,25000.0,1,10
32,0,2,7.0,90000.0,3,11
44,1,0,18.0,170000.0,2,6
26,0,0,2.0,40000.0,3,5
40,1,3,15.0,150000.0,3,2
33,0,0,8.0,95000.0,2,4
24,1,1,1.0,25000.0,1,10
35,0,2,10.0,110000.0,2,5
29,1,0,4.0,70000.0,3,11
49,1,3,22.0,220000.0,3,2
26,0,0,2.0,35000.0,1,11
41,0,2,13.0,140000.0,2,4
36,1,0,9.0,110000.0,2,6
28,0,1,1.0,25000.0,1,10
29,1,0,5.0,80000.0,3,11
39,0,2,11.0,120000.0,3,5
32,1,0,6.0,90000.0,2,6
28,0,2,2.0,45000.0,3,4
34,1,0,6.0,85000.0,3,11
31,0,2,4.0,62000.0,2,5
41,1,3,13.0,138000.0,3,2
27,0,0,2.0,47000.0,3,4
25,1,1,1.0,26000.0,1,10
33,0,2,8.0,95000.0,3,11
45,1,0,19.0,174000.0,2,6
28,0,0,2.0,41000.0,3,5
42,1,3,16.0,162000.0,3,2
34,0,0,9.0,99000.0,2,4
23,1,1,1.0,26000.0,1,10
36,0,2,11.0,117000.0,2,5
30,1,0,5.0,75000.0,3,11
50,1,3,23.0,225000.0,3,2
27,0,0,2.0,36000.0,1,11
43,0,2,14.0,146000.0,2,4
37,1,0,10.0,113000.0,2,6
29,0,1,1.0,26000.0,1,10
44,1,3,17.0,168000.0,3,2
30,1,0,6.0,85000.0,3,11
40,0,2,12.0,122000.0,3,5
33,1,0,7.0,96000.0,2,6
29,0,2,3.0,49000.0,3,4
43,1,3,16.0,162000.0,3,2
32,0,2,8.0,95000.0,3,11
24,1,1,1.0,26000.0,1,10
31,0,2,5.0,68000.0,2,5
39,1,0,13.0,127000.0,2,6
25,0,0,2.0,47000.0,3,4
41,1,3,15.0,155000.0,3,2
35,0,0,8.0,92000.0,2,4
26,1,1,1.0,26000.0,1,10
37,0,2,12.0,125000.0,2,5
29,1,0,4.0,71000.0,3,11
51,1,3,24.0,240000.0,3,2
28,0,0,2.0,36000.0,1,11
44,0,2,15.0,152000.0,2,4
38,1,0,11.0,119000.0,2,6
30,0,1,1.0,26000.0,1,10
45,1,3,19.0,190000.0,3,2
31,1,0,6.0,85000.0,3,11
41,0,2,13.0,131000.0,3,5
34,1,0,8.0,101000.0,2,6
30,0,2,3.0,49000.0,3,4
44,1,3,18.0,182000.0,3,2
27,1,0,3.0,62000.0,3,11
42,0,2,16.0,137000.0,2,5
35,1,3,9.0,112000.0,3,2
33,1,1,1.0,25000.0,1,10
36,0,0,7.0,91000.0,2,6
43,1,3,17.0,179000.0,3,2
31,0,0,5.0,74000.0,3,11
49,1,2,23.0,228000.0,2,5
28,0,0,2.0,37000.0,1,11
45,0,3,19.0,193000.0,3,2
30,0,1,1.0,25000.0,1,10
45,1,2,20.0,204000.0,2,5
27,0,0,3.0,61000.0,3,11
41,1,3,15.0,157000.0,3,2
35,0,2,8.0,92000.0,2,4
26,1,0,1.0,52000.0,3,11
30,0,0,4.0,58000.0,3,5
48,1,3,22.0,219000.0,3,2
32,0,2,6.0,77000.0,2,5
34,1,0,8.0,104000.0,2,6
31,0,1,1.0,25000.0,1,10
44,0,3,18.0,183000.0,3,2
31,0,2,6.0,95000.0,0,11
28,1,0,2.0,45000.0,1,11
29,0,2,4.0,70000.0,4,4
35,1,3,10.0,110000.0,4,4
26,0,1,1.0,35000.0,3,11
32,1,0,5.0,60000.0,1,4
27,0,2,2.0,50000.0,3,11
39,1,2,12.0,120000.0,0,11
23,0,0,1.0,32000.0,1,4
30,1,0,4.0,65000.0,3,11
26,0,0,1.0,35000.0,1,4
42,1,3,14.0,130000.0,4,4
34,0,2,9.0,95000.0,0,11
28,1,1,2.0,43000.0,1,4
31,0,0,4.0,50000.0,1,4
29,1,0,3.0,60000.0,3,11
35,0,2,8.0,80000.0,4,4
26,1,2,2.0,48000.0,1,11
40,0,3,13.0,125000.0,0,11
34,1,0,7.0,85000.0,3,11
26,0,0,2.0,42000.0,1,4
29,1,2,4.0,70000.0,4,4
25,0,1,1.0,32000.0,1,4
33,1,2,6.0,80000.0,3,11
27,0,0,2.0,42000.0,1,4
31,1,3,7.0,90000.0,4,4
24,1,0,1.0,40000.0,1,11
42,0,2,12.0,110000.0,4,4
34,1,2,10.0,105000.0,0,11
28,0,0,3.0,50000.0,1,4
33,1,3,8.0,95000.0,0,11
29,0,0,3.0,60000.0,3,11
25,1,1,2.0,40000.0,1,4
26,0,2,2.0,55000.0,4,4
30,1,0,5.0,70000.0,3,11
24,0,1,1.0,32000.0,1,4
31,1,2,7.0,90000.0,0,11
27,0,0,2.0,50000.0,3,11
26,0,0,1.0,32000.0,1,4
32,1,2,6.0,80000.0,3,11
25,1,1,2.0,45000.0,3,11
33,0,0,7.0,65000.0,1,4
27,1,2,2.0,50000.0,3,11
28,0,0,3.0,45000.0,1,4
34,1,3,9.0,95000.0,0,11
30,0,0,4.0,65000.0,3,11
26,1,0,2.0,38000.0,1,4
42,0,2,13.0,125000.0,4,4
34,1,2,8.0,90000.0,3,11
28,0,1,2.0,43000.0,1,4
31,1,0,5.0,60000.0,1,4
29,0,2,3.0,60000.0,3,11
26,0,0,1.0,35000.0,3,11
32,1,2,6.0,95000.0,0,11
27,0,2,2.0,42000.0,1,4
39,1,2,11.0,100000.0,4,4
23,0,0,1.0,32000.0,1,4
42,1,3,14.0,130000.0,0,11
28,1,1,2.0,43000.0,1,11
25,0,1,1.0,32000.0,1,4
31,0,0,4.0,500.0,1,4
27,0,0,1.0,45000.0,1,11
33,1,2,8.0,120000.0,4,2
29,0,0,3.0,55000.0,3,5
31,1,0,5.0,70000.0,1,5
38,0,3,12.0,140000.0,4,9
25,1,1,1.0,30000.0,1,10
32,0,2,7.0,100000.0,4,11
27,1,0,2.0,50000.0,1,2
29,0,0,3.0,55000.0,1,5
35,1,3,10.0,130000.0,4,9
26,0,0,1.0,45000.0,1,11
28,0,0,2.0,48000.0,1,11
36,1,2,9.0,125000.0,4,2
30,0,0,4.0,57000.0,3,5
32,1,0,6.0,72000.0,1,5
39,0,3,13.0,145000.0,4,9
26,1,1,2.0,31000.0,1,10
33,0,2,8.0,105000.0,4,11
28,1,0,3.0,52000.0,1,2
30,0,0,4.0,57000.0,1,5
36,1,3,11.0,135000.0,4,9
27,0,0,2.0,48000.0,1,11
34,1,2,9.0,125000.0,4,2
26,1,0,5.0,85000.0,4,5
28,0,2,7.0,110000.0,2,5
34,1,3,12.0,170000.0,0,11
31,1,0,9.0,140000.0,0,11
24,0,1,1.0,30000.0,3,10
29,1,0,6.0,95000.0,2,5
27,0,2,4.0,80000.0,2,5
33,1,3,10.0,155000.0,0,11
21,0,1,0.0,25000.0,1,10
36,1,0,11.0,160000.0,2,10
25,0,0,3.0,65000.0,2,5
30,1,2,7.0,120000.0,2,3
28,0,3,6.0,105000.0,0,11
22,0,1,0.0,25000.0,3,10
45,1,0,21.0,250000.0,2,3
31,0,2,8.0,120000.0,2,5
28,1,0,4.0,80000.0,2,5
29,1,0,6.0,100000.0,4,5
35,0,3,12.0,170000.0,0,11
27,1,1,3.0,50000.0,3,10
33,0,0,9.0,140000.0,2,5
25,0,0,2.0,55000.0,2,5
29,0,2,4.0,80000.0,2,5
23,1,0,1.0,60000.0,3,11
39,0,2,12.0,150000.0,2,5
28,1,0,4.0,80000.0,3,3
31,0,3,8.0,120000.0,3,9
35,1,0,10.0,130000.0,2,8
27,0,0,2.0,50000.0,3,7
42,1,2,18.0,180000.0,4,11
29,0,0,3.0,60000.0,3,5
33,1,0,7.0,110000.0,2,5
24,0,1,0.0,25000.0,3,10
30,1,2,6.0,100000.0,3,3
26,0,0,3.0,55000.0,2,5
32,1,3,9.0,140000.0,3,2
22,0,1,0.0,25000.0,3,0
37,1,0,12.0,150000.0,2,7
38,0,2,14.0,170000.0,0,11
25,1,0,1.0,55000.0,1,11
29,0,0,4.0,65000.0,3,5
27,1,0,3.0,60000.0,3,7
34,0,3,10.0,150000.0,0,11
26,1,0,2.0,50000.0,3,5
31,0,2,7.0,120000.0,2,3
26,0,0,8.094687360095508,115326.96477086132,3,5
28,1,0,3.0,85000.0,3,11
36,0,2,11.0,160000.0,0,11
25,1,0,1.0,55000.0,3,3
29,0,3,5.0,100000.0,3,2
33,1,0,8.0,120000.0,2,8
43,1,2,19.0,185000.0,4,11
30,0,0,4.0,65000.0,3,5
34,1,0,9.0,130000.0,2,5
25,0,1,0.0,25000.0,3,10
31,1,2,6.0,100000.0,3,3
27,0,0,3.0,55000.0,2,5
33,1,3,10.0,150000.0,3,9
23,0,1,0.0,25000.0,3,0
38,1,0,13.0,160000.0,2,7
39,0,2,14.0,170000.0,2,5
26,1,0,1.0,55000.0,1,11
30,0,0,4.0,65000.0,3,5
28,1,0,3.0,60000.0,3,7
35,0,3,11.0,160000.0,0,11
27,1,0,2.0,50000.0,3,5
32,0,2,8.0,120000.0,2,3
27,1,0,3.0,85000.0,3,11
35,0,2,11.0,160000.0,0,11
24,1,0,1.0,55000.0,3,3
28,0,3,5.0,100000.0,3,2
32,1,0,8.0,120000.0,2,8
26,0,0,2.0,50000.0,3,7
41,1,2,19.0,185000.0,4,11
29,0,0,4.0,65000.0,3,5
33,1,0,9.0,130000.0,2,5
32,1,3,10.0,150000.0,3,9
37,1,0,13.0,160000.0,2,7
38,0,2,14.0,170000.0,2,5
27,1,0,1.0,55000.0,1,11
31,0,0,4.0,65000.0,3,5
29,1,0,3.0,60000.0,3,7
34,0,3,11.0,160000.0,0,11
31,0,2,8.0,120000.0,2,3
26,0,0,7.0,100000.0,2,5
31,1,0,7.0,120000.0,3,11
33,1,2,9.0,130000.0,2,5
29,0,1,3.0,35000.0,3,1
36,1,3,13.0,160000.0,3,9
27,0,0,2.0,50000.0,3,5
31,1,0,6.0,100000.0,2,8
28,0,2,4.0,80000.0,3,3
25,1,0,1.0,60000.0,3,11
30,0,0,5.0,90000.0,2,10
34,1,3,11.0,170000.0,0,11
28,0,0,3.0,60000.0,3,5
32,1,0,7.0,120000.0,2,7
24,0,1,0.0,25000.0,3,0
37,1,2,14.0,180000.0,0,11
39,0,0,16.0,200000.0,2,3
26,1,0,2.0,50000.0,3,7
31,0,3,8.0,140000.0,3,2
29,1,0,4.0,70000.0,3,5
33,0,2,9.0,130000.0,2,5
27,1,0,3.0,80000.0,3,11
36,0,3,12.0,160000.0,3,9
25,1,0,1.0,55000.0,2,7
30,0,0,5.0,85000.0,3,5
28,0,0,3.0,60000.0,3,5
33,1,2,9.0,120000.0,3,11
26,0,0,1.0,45000.0,3,7
29,1,0,5.0,80000.0,2,7
35,0,3,11.0,150000.0,3,9
27,1,0,2.0,65000.0,3,11
31,0,0,7.0,100000.0,2,5
28,1,2,4.0,90000.0,3,3
24,0,0,0.0,40000.0,3,5
30,1,0,6.0,110000.0,2,8
34,0,3,12.0,170000.0,0,11
27,1,0,3.0,75000.0,3,11
33,0,2,8.0,120000.0,2,5
25,0,1,1.0,30000.0,3,1
36,1,3,13.0,180000.0,3,9
39,0,0,15.0,200000.0,2,3
26,1,0,1.0,50000.0,3,7
28,1,0,3.0,65000.0,3,5
32,0,0,7.0,110000.0,2,7
24,1,1,0.0,28000.0,3,0
37,1,2,14.0,190000.0,0,11
39,0,0,16.0,210000.0,2,3
26,1,0,2.0,55000.0,3,7
36,0,3,12.0,170000.0,3,9
25,1,0,1.0,60000.0,2,7
30,0,0,5.0,90000.0,3,5
34,1,3,11.0,160000.0,0,11
29,1,0,3.0,75000.0,3,11
32,0,2,8.0,120000.0,2,5
27,1,0,2.0,65000.0,2,7
30,0,3,6.0,100000.0,3,2
36,1,0,11.0,150000.0,3,3
27,1,3,7.0,120000.0,3,5
33,1,2,8.0,120000.0,3,11
27,0,0,2.0,65000.0,2,7
30,1,3,6.0,100000.0,3,2
36,0,0,11.0,150000.0,3,3
29,1,0,3.0,65000.0,3,5
32,0,2,9.0,120000.0,3,11
26,1,0,1.0,45000.0,3,7
29,0,0,5.0,80000.0,2,7
35,1,3,11.0,150000.0,3,9
34,1,2,9.0,125000.0,3,11
28,0,0,3.0,70000.0,2,7
31,1,3,7.0,110000.0,3,2
37,0,0,12.0,160000.0,3,3
30,1,0,4.0,75000.0,3,5
33,0,2,8.0,120000.0,3,11
27,1,0,2.0,50000.0,3,7
30,0,0,5.0,85000.0,2,7
36,1,3,11.0,155000.0,3,9
28,1,0,3.0,70000.0,3,11
32,0,0,8.0,115000.0,2,5
29,1,2,5.0,95000.0,3,3
25,0,0,0.0,40000.0,3,5
31,1,0,6.0,115000.0,2,8
35,0,3,12.0,175000.0,0,11
33,0,2,9.0,135000.0,2,5
29,1,0,4.0,75000.0,3,5
36,1,3,13.0,185000.0,3,9
40,0,0,15.0,210000.0,2,3
27,1,0,1.0,45000.0,3,7
32,0,3,9.0,145000.0,3,2
28,1,0,3.0,70000.0,3,5
32,0,0,7.0,120000.0,2,7
38,1,2,14.0,195000.0,0,11
40,0,0,16.0,215000.0,2,3
27,1,0,2.0,55000.0,3,7
36,0,3,13.0,185000.0,3,9
30,0,0,5.0,95000.0,3,5
34,1,3,12.0,170000.0,0,11
28,0,0,3.0,65000.0,3,5
26,0,2,2.0,75000.0,3,11
39,1,3,14.0,185000.0,3,9
32,0,0,7.0,120000.0,2,5
28,1,0,3.0,60000.0,3,7
35,0,2,10.0,145000.0,3,2
33,0,2,8.0,135000.0,2,7
27,1,0,2.0,70000.0,3,11
36,0,3,12.0,175000.0,0,11
29,1,0,2.0,45000.0,3,10
45,0,2,8.0,80000.0,2,10
37,1,3,7.0,90000.0,2,5
23,0,1,1.0,35000.0,3,10
41,1,0,12.0,120000.0,2,3
26,0,0,4.0,60000.0,2,5
33,1,2,5.0,70000.0,2,5
28,0,1,3.0,40000.0,3,10
50,1,3,15.0,150000.0,4,5
35,0,0,2.0,35000.0,1,10
42,1,2,13.0,130000.0,0,11
27,0,0,1.0,35000.0,3,10
48,1,3,18.0,180000.0,0,11
31,0,1,4.0,60000.0,2,3
36,1,0,6.0,75000.0,2,10
25,0,2,3.0,50000.0,2,5
39,1,3,10.0,100000.0,2,5
30,0,1,2.0,40000.0,3,10
44,1,0,11.0,110000.0,2,5
29,0,2,4.0,55000.0,3,10
47,1,3,17.0,170000.0,4,5
32,0,0,3.0,40000.0,1,10
38,1,2,9.0,95000.0,0,11
24,0,1,1.0,35000.0,3,10
40,1,3,14.0,140000.0,0,11
34,0,0,5.0,70000.0,2,3
26,1,2,3.0,50000.0,2,5
31,0,3,6.0,75000.0,2,5
27,1,1,2.0,40000.0,3,10
43,0,0,12.0,120000.0,2,5
28,1,2,2.0,40000.0,3,10
46,0,3,16.0,160000.0,4,5
33,1,0,4.0,55000.0,1,10
39,0,2,10.0,100000.0,0,11
25,1,1,1.0,35000.0,3,10
41,0,0,8.0,80000.0,2,10
35,1,3,7.0,90000.0,2,5
23,0,0,1.0,35000.0,3,10
42,1,2,13.0,130000.0,2,3
32,1,2,5.0,70000.0,2,5
27,0,1,3.0,40000.0,3,10
36,0,0,2.0,35000.0,1,10
48,1,2,18.0,180000.0,0,11
31,0,1,2.0,40000.0,3,10
29,1,0,6.0,75000.0,0,11
45,0,3,12.0,120000.0,2,3
25,1,2,3.0,50000.0,2,5
37,0,0,7.0,90000.0,2,5
23,1,1,1.0,35000.0,3,10
41,0,0,11.0,110000.0,2,5
26,1,2,3.0,45000.0,3,10
33,0,3,5.0,70000.0,4,5
28,1,0,1.0,30000.0,1,10
42,0,2,13.0,130000.0,0,11
27,1,1,4.0,60000.0,2,3
50,0,0,15.0,150000.0,2,10
35,1,3,8.0,80000.0,2,5
24,0,0,1.0,35000.0,3,10
46,1,2,16.0,160000.0,2,5
29,0,1,2.0,40000.0,3,10
31,0,0,3.0,40000.0,1,10
25,0,1,1.0,35000.0,3,10
39,1,0,10.0,100000.0,0,11
33,0,3,5.0,70000.0,2,3
27,1,2,3.0,50000.0,2,5
43,0,0,12.0,120000.0,2,5
28,1,1,2.0,40000.0,3,10
31,1,0,3.0,50000.0,3,10
46,0,2,14.0,140000.0,2,5
38,0,0,10.0,100000.0,2,3
24,1,3,1.0,30000.0,2,5
33,0,2,6.0,75000.0,2,5
29,1,1,2.0,40000.0,3,10
50,0,0,18.0,180000.0,2,10
35,1,3,8.0,80000.0,4,5
41,1,2,12.0,120000.0,0,11
26,0,1,3.0,45000.0,2,3
32,1,0,7.0,90000.0,0,11
27,0,3,4.0,55000.0,2,5
43,1,2,16.0,160000.0,2,5
28,0,0,2.0,40000.0,3,10
31,0,1,3.0,40000.0,1,10
39,1,0,11.0,110000.0,2,10
33,0,3,6.0,75000.0,2,3
50,0,2,15.0,150000.0,2,5
36,1,0,5.0,70000.0,3,10
48,0,3,19.0,190000.0,4,5
31,1,1,3.0,40000.0,1,10
29,0,0,6.0,75000.0,0,11
45,1,2,14.0,140000.0,0,11
35,0,3,8.0,80000.0,2,5
23,1,0,1.0,35000.0,3,10
42,0,2,13.0,130000.0,2,10
26,1,1,2.0,40000.0,2,5
32,0,0,7.0,90000.0,2,5
27,1,3,4.0,55000.0,3,10
50,0,2,18.0,180000.0,4,5
36,1,0,3.0,45000.0,1,10
48,0,3,19.0,190000.0,0,11
31,1,1,3.0,50000.0,3,10
29,0,0,4.0,55000.0,2,3
45,1,2,13.0,130000.0,2,5
25,0,1,1.0,35000.0,3,10
41,1,0,12.0,120000.0,2,5
35,0,3,9.0,95000.0,4,5
23,1,0,1.0,35000.0,3,10
42,0,2,14.0,140000.0,2,5
26,1,1,2.0,40000.0,2,10
32,0,0,8.0,80000.0,0,11
27,1,3,4.0,55000.0,2,5
50,0,2,19.0,190000.0,2,5
36,1,0,6.0,75000.0,0,11
48,0,3,17.0,170000.0,4,5
36,1,0,6.0,115326.96477086132,0,11
37,1,2,11.0,110000.0,2,5
26,0,0,2.0,40000.0,3,10
42,1,3,15.0,150000.0,2,5
33,0,1,4.0,55000.0,3,10
29,1,0,5.0,70000.0,2,10
45,0,2,16.0,160000.0,0,11
24,1,1,1.0,35000.0,3,10
39,0,0,10.0,100000.0,2,3
31,1,3,7.0,90000.0,4,5
27,0,2,3.0,50000.0,2,5
43,1,0,14.0,140000.0,2,5
28,0,1,2.0,40000.0,3,10
50,1,3,18.0,180000.0,2,5
35,0,0,7.0,90000.0,3,10
23,1,0,1.0,35000.0,2,10
41,0,2,12.0,120000.0,0,11
26,1,1,3.0,45000.0,2,3
32,0,0,8.0,80000.0,0,11
50,0,2,18.0,180000.0,2,5
36,1,0,6.0,75000.0,3,10
29,0,0,5.0,70000.0,0,11
45,1,2,15.0,150000.0,0,11
38,1,2,12.0,120000.0,2,5
27,0,0,3.0,45000.0,3,10
43,1,3,16.0,160000.0,2,5
34,0,1,5.0,70000.0,3,10
30,1,0,6.0,75000.0,2,10
46,0,2,17.0,170000.0,0,11
40,0,0,11.0,110000.0,2,3
32,1,3,8.0,80000.0,4,5
28,0,2,4.0,55000.0,2,5
44,1,0,15.0,150000.0,2,5
51,1,3,19.0,190000.0,2,5
36,0,0,8.0,80000.0,3,10
24,1,0,1.0,35000.0,2,10
27,1,1,3.0,45000.0,2,3
33,0,0,7.0,90000.0,0,11
28,1,3,4.0,55000.0,2,5
51,0,2,19.0,190000.0,2,5
37,1,0,7.0,90000.0,3,10
49,0,3,20.0,200000.0,4,5
32,1,1,3.0,40000.0,1,10
30,0,0,5.0,70000.0,0,11
46,1,2,16.0,160000.0,0,11
26,0,1,1.0,35000.0,3,10
42,1,0,13.0,130000.0,2,3
36,0,3,9.0,95000.0,2,5
24,1,0,1.0,35000.0,3,10
43,0,2,14.0,140000.0,2,10
27,1,1,2.0,40000.0,2,5
33,0,0,7.0,90000.0,2,5
28,1,3,4.0,55000.0,3,10
51,0,2,19.0,190000.0,4,5
37,1,0,6.0,75000.0,1,10
49,0,3,20.0,200000.0,0,11
32,1,1,3.0,50000.0,3,10
30,0,0,4.0,55000.0,2,3
46,1,2,14.0,140000.0,2,5
26,0,1,1.0,35000.0,3,10
42,1,0,13.0,130000.0,2,5
36,0,3,10.0,100000.0,4,5
24,1,0,1.0,35000.0,3,10
43,0,2,15.0,150000.0,2,5
27,1,1,2.0,40000.0,2,10
33,0,0,8.0,80000.0,0,11
37,1,0,7.0,90000.0,0,11
30,0,0,5.0,70000.0,2,10
